<?xml version="1.0" encoding="UTF-8"?>
<project-private xmlns="http://www.netbeans.org/ns/project-private/1">
    <editor-bookmarks xmlns="http://www.netbeans.org/ns/editor-bookmarks/2" lastBookmarkId="0"/>
    <open-files xmlns="http://www.netbeans.org/ns/projectui-open-files/2">
        <group>
            <file>file:/C:/Users/MD%20WASIM%20REZA/Documents/NetBeansProjects/EmployeeInfoSytem/web/insert.jsp</file>
            <file>file:/C:/Users/MD%20WASIM%20REZA/Documents/NetBeansProjects/EmployeeInfoSytem/web/edit.jsp</file>
            <file>file:/C:/Users/MD%20WASIM%20REZA/Documents/NetBeansProjects/EmployeeInfoSytem/web/WEB-INF/web.xml</file>
            <file>file:/C:/Users/MD%20WASIM%20REZA/Documents/NetBeansProjects/EmployeeInfoSytem/web/index.jsp</file>
            <file>file:/C:/Users/MD%20WASIM%20REZA/Documents/NetBeansProjects/EmployeeInfoSytem/src/java/com/wr/controller/EmployeeController.java</file>
            <file>file:/C:/Users/MD%20WASIM%20REZA/Documents/NetBeansProjects/EmployeeInfoSytem/web/style.css</file>
            <file>file:/C:/Users/MD%20WASIM%20REZA/Documents/NetBeansProjects/EmployeeInfoSytem/src/java/com/wr/dao/EmpDao.java</file>
        </group>
    </open-files>
</project-private>
